{
  "dependencies": {
    "xhr2": "github:gdi2290/typed-xhr2#69f2b8d40d0cd407c1b2a2f2f41fecc6852cabbb"
  },
  "devDependencies": {},
  "ambientDependencies": {
    "Q": "github:DefinitelyTyped/DefinitelyTyped/q/Q.d.ts#5c3e47967affa3c4128a3875d1664ba206ae1b0f",
    "angular-protractor": "github:DefinitelyTyped/DefinitelyTyped/angular-protractor/angular-protractor.d.ts#64b25f63f0ec821040a5d3e049a976865062ed9d",
    "async": "github:DefinitelyTyped/DefinitelyTyped/async/async.d.ts#5c3e47967affa3c4128a3875d1664ba206ae1b0f",
    "browser-sync": "github:DefinitelyTyped/DefinitelyTyped/browser-sync/browser-sync.d.ts#d9b5b35ba3a79ac778c5890531393442439df5dd",
    "chalk": "github:DefinitelyTyped/DefinitelyTyped/chalk/chalk.d.ts#5a8fc5ee71701431e4fdbb80c506e3c13f85a9ff",
    "chokidar": "github:DefinitelyTyped/DefinitelyTyped/chokidar/chokidar.d.ts#ae81e340a9e897167cfef3122a5a3aed04293814",
    "es6-shim": "github:DefinitelyTyped/DefinitelyTyped/es6-shim/es6-shim.d.ts#6697d6f7dadbf5773cb40ecda35a76027e0783b2",
    "express": "github:DefinitelyTyped/DefinitelyTyped/express/express.d.ts#5c3e47967affa3c4128a3875d1664ba206ae1b0f",
    "glob": "github:DefinitelyTyped/DefinitelyTyped/glob/glob.d.ts#5c3e47967affa3c4128a3875d1664ba206ae1b0f",
    "gulp": "github:DefinitelyTyped/DefinitelyTyped/gulp/gulp.d.ts#5c3e47967affa3c4128a3875d1664ba206ae1b0f",
    "gulp-load-plugins": "github:DefinitelyTyped/DefinitelyTyped/gulp-load-plugins/gulp-load-plugins.d.ts#e081148d88b857d66509e3b46edbd08b3f75f96a",
    "gulp-shell": "github:DefinitelyTyped/DefinitelyTyped/gulp-shell/gulp-shell.d.ts#5c3e47967affa3c4128a3875d1664ba206ae1b0f",
    "gulp-util": "github:DefinitelyTyped/DefinitelyTyped/gulp-util/gulp-util.d.ts#5a8fc5ee71701431e4fdbb80c506e3c13f85a9ff",
    "jasmine": "github:DefinitelyTyped/DefinitelyTyped/jasmine/jasmine.d.ts#26c98c8a9530c44f8c801ccc3b2057e2101187ee",
    "micromatch": "github:DefinitelyTyped/DefinitelyTyped/micromatch/micromatch.d.ts#7cda84786520fd0673c934fde1aa722083e05f7b",
    "mime": "github:DefinitelyTyped/DefinitelyTyped/mime/mime.d.ts#5c3e47967affa3c4128a3875d1664ba206ae1b0f",
    "minimatch": "github:DefinitelyTyped/DefinitelyTyped/minimatch/minimatch.d.ts#5c3e47967affa3c4128a3875d1664ba206ae1b0f",
    "ng2": "github:gdi2290/typings-ng2/ng2.d.ts#32998ff5584c0eab0cd9dc7704abb1c5c450701c",
    "node": "github:DefinitelyTyped/DefinitelyTyped/node/node.d.ts#138ad74b9e8e6c08af7633964962835add4c91e2",
    "orchestrator": "github:DefinitelyTyped/DefinitelyTyped/orchestrator/orchestrator.d.ts#5c3e47967affa3c4128a3875d1664ba206ae1b0f",
    "parse-glob": "github:DefinitelyTyped/DefinitelyTyped/parse-glob/parse-glob.d.ts#1ae2ddf27c6e9b98ad7e7fa496788f1aadf37933",
    "rimraf": "github:DefinitelyTyped/DefinitelyTyped/rimraf/rimraf.d.ts#09f3d7a8dc79f448b538862c3ad5872f75112d60",
    "run-sequence": "github:DefinitelyTyped/DefinitelyTyped/run-sequence/run-sequence.d.ts#052725d74978d6b8d7c4ff537b5a3b21ee755a49",
    "selenium-webdriver": "github:DefinitelyTyped/DefinitelyTyped/selenium-webdriver/selenium-webdriver.d.ts#a83677ed13add14c2ab06c7325d182d0ba2784ea",
    "serve-static": "github:DefinitelyTyped/DefinitelyTyped/serve-static/serve-static.d.ts#5c3e47967affa3c4128a3875d1664ba206ae1b0f",
    "systemjs": "github:DefinitelyTyped/DefinitelyTyped/systemjs/systemjs.d.ts#5c3e47967affa3c4128a3875d1664ba206ae1b0f",
    "through2": "github:DefinitelyTyped/DefinitelyTyped/through2/through2.d.ts#5a8fc5ee71701431e4fdbb80c506e3c13f85a9ff",
    "vinyl": "github:DefinitelyTyped/DefinitelyTyped/vinyl/vinyl.d.ts#5a8fc5ee71701431e4fdbb80c506e3c13f85a9ff",
    "vinyl-source-stream": "github:DefinitelyTyped/DefinitelyTyped/vinyl-source-stream/vinyl-source-stream.d.ts#ffceea9dd124d277c4597c7bd12930666ec074c5",
    "yargs": "github:DefinitelyTyped/DefinitelyTyped/yargs/yargs.d.ts#6a287502dab374e7d4cbf18ea1ac5dff7f74726a",
    "zone.js": "github:DefinitelyTyped/DefinitelyTyped/zone.js/zone.js.d.ts#b923a5aaf013ac84c566f27ba6b5843211981c7a"
  }
}
